Date,Children apprehended and placed in CBP custody*,Children in CBP custody,Children transferred out of CBP custody,Children in HHS Care,Children discharged from HHS Care,Total_System_Load,Net_Daily_Intake,Load_Growth_Rate,Backlog,Load_7D,Load_14D,Stress_Flag
2023-01-12,33,53,34,6566,436,6619,-402,,-402,,,False
2023-01-22,32,49,39,7122,227,7171,-188,8.339628342649942,-590,,,False
2023-01-23,32,50,39,7280,181,7330,-142,2.2172639799191263,-732,,,False
2023-01-24,47,42,47,7433,175,7475,-128,1.9781718963165051,-860,,,False
2023-01-25,20,22,41,7538,180,7560,-139,1.1371237458194017,-999,,,False
2023-01-29,23,45,11,7472,303,7517,-292,-0.5687830687830742,-1291,,,False
2023-01-30,34,54,29,7743,196,7797,-167,3.7248902487694524,-1458,7352.714285714285,,False
2023-01-31,26,36,36,7803,158,7839,-122,0.538668718737978,-1580,7527.0,,False
2023-02-01,25,32,27,7903,231,7935,-204,1.2246460007653948,-1784,7636.142857142857,,False
2023-02-02,15,13,23,7879,298,7892,-275,-0.5419029615627013,-2059,7716.428571428572,,False
2023-02-05,16,18,15,7586,342,7604,-327,-3.6492650785605707,-2386,7734.857142857143,,False
2023-02-06,11,22,12,7720,196,7742,-184,1.8148342977380327,-2570,7760.857142857143,,False
2023-02-07,16,20,20,7855,200,7875,-180,1.7179023508137492,-2750,7812.0,,False
2023-02-08,93,196,169,7915,317,8111,-148,2.9968253968253977,-2898,7856.857142857143,7604.785714285715,False
2023-02-09,124,234,161,7908,353,8142,-192,0.3821970163974786,-3090,7900.142857142857,7713.571428571428,False
2023-02-12,92,203,173,7434,317,7637,-144,-6.202407270940801,-3234,7857.571428571428,7746.857142857143,False
2023-02-13,186,259,172,7483,244,7742,-72,1.3748854262144894,-3306,7836.142857142857,7776.285714285715,False
2023-02-14,154,225,220,7794,223,8019,-3,3.577886850942913,-3309,7895.428571428572,7815.142857142857,False
2023-02-15,91,199,172,7869,290,8068,-118,0.6110487591969083,-3427,7942.0,7851.428571428572,False
2023-02-16,81,213,153,7793,361,8006,-208,-0.7684680218145723,-3635,7960.714285714285,7886.357142857143,False
2023-02-20,209,285,184,7817,209,8102,-25,1.1991006744941357,-3660,7959.428571428572,7908.142857142857,False
2023-02-21,184,314,217,7967,213,8281,4,2.209331029375461,-3656,7979.285714285715,7939.714285714285,False
2023-02-22,107,215,230,7978,232,8193,-2,-1.0626735901461126,-3658,8058.714285714285,7958.142857142857,False
2023-02-23,101,162,178,7914,386,8076,-208,-1.42804833394361,-3866,8106.428571428572,7971.285714285715,False
2023-02-26,99,190,176,7609,323,7799,-147,-3.42991579990094,-4013,8075.0,7985.214285714285,False
2023-02-27,167,239,166,7800,248,8039,-82,3.077317604821128,-4095,8070.857142857143,8006.428571428572,False
2023-02-28,115,216,169,7896,200,8112,-31,0.9080731434258027,-4126,8086.0,8023.357142857143,False
2023-03-01,84,158,193,7930,307,8088,-114,-0.295857988165682,-4240,8084.0,8021.714285714285,False
2023-03-02,130,227,192,7870,335,8097,-143,0.1112759643916883,-4383,8057.714285714285,8018.5,False
2023-03-07,88,214,160,7859,259,8073,-99,-0.2964060763245624,-4482,8040.571428571428,8049.642857142857,False
2023-03-08,113,208,159,7885,291,8093,-132,0.24773937817414993,-4614,8043.0,8074.714285714285,False
2023-03-09,174,285,150,7786,340,8071,-190,-0.27183986160880247,-4804,8081.857142857143,8078.428571428572,False
2023-03-13,104,230,206,7567,249,7797,-43,-3.3948705240986254,-4847,8047.285714285715,8059.071428571428,False
2023-03-14,147,276,214,7810,181,8086,33,3.70655380274465,-4814,8043.571428571428,8064.785714285715,False
2023-03-15,108,220,213,7915,286,8135,-73,0.6059856542171671,-4887,8050.285714285715,8067.142857142857,False
2023-03-16,180,280,146,7989,308,8269,-162,1.647203441917644,-5049,8074.857142857143,8066.285714285715,False
2023-03-19,134,294,186,7885,306,8179,-120,-1.0884024670455905,-5169,8090.0,8065.285714285715,False
2023-03-20,202,313,158,7931,279,8244,-121,0.7947181807066883,-5290,8111.571428571428,8077.285714285715,False
2023-03-21,110,272,193,8050,221,8322,-28,0.9461426491994107,-5318,8147.428571428572,8114.642857142857,False
2023-03-22,166,277,229,8097,246,8374,-17,0.6248497957221932,-5335,8229.857142857143,8138.571428571428,False
2023-03-23,136,276,178,8102,331,8378,-153,0.04776689754000252,-5488,8271.57142857143,8157.571428571428,False
2023-03-26,87,246,173,7847,352,8093,-179,-3.4017665313917367,-5667,8265.57142857143,8157.928571428572,False
2023-03-27,84,171,157,7994,235,8165,-78,0.8896577289015273,-5745,8250.714285714286,8162.785714285715,False
2023-03-28,167,209,157,8079,223,8288,-66,1.5064298836497292,-5811,8266.285714285714,8178.142857142857,False
2023-03-29,109,245,159,8208,267,8453,-108,1.9908301158301223,-5919,8296.142857142857,8203.857142857143,False
2023-03-30,156,256,176,8158,359,8414,-183,-0.4613746598840618,-6102,8309.285714285714,8228.357142857143,False
2023-04-02,125,232,192,7981,304,8213,-112,-2.388875683384839,-6214,8286.285714285714,8258.07142857143,False
2023-04-03,118,139,168,8054,284,8193,-116,-0.24351637647631597,-6330,8259.857142857143,8265.714285714286,False
2023-04-04,142,235,139,8068,259,8303,-120,1.3426095447333086,-6450,8289.857142857143,8277.714285714286,False
2023-04-05,148,245,175,8175,260,8420,-85,1.4091292303986425,-6535,8326.285714285714,8288.5,False
2023-04-06,119,219,210,8178,284,8397,-74,-0.2731591448931092,-6609,8341.857142857143,8304.07142857143,False
2023-04-09,105,210,149,7900,329,8110,-180,-3.4178873407169186,-6789,8292.857142857143,8294.5,False
2023-04-10,143,203,163,7826,265,8029,-102,-0.998766954377317,-6891,8237.857142857143,8273.57142857143,False
2023-04-11,119,209,152,7922,187,8131,-35,1.2703948187819059,-6926,8226.142857142857,8256.214285714286,False
2023-04-12,155,212,181,7876,283,8088,-102,-0.5288402410527637,-7028,8211.142857142857,8235.5,False
2023-04-13,109,214,173,7795,370,8009,-197,-0.97675568743818,-7225,8169.142857142857,8229.5,False
2023-04-16,191,283,192,7380,272,7663,-80,-4.320139842676984,-7305,8061.0,8193.642857142857,False
2023-04-17,170,297,196,7344,248,7641,-52,-0.2870938274827095,-7357,7953.0,8147.428571428572,False
2023-04-18,152,272,214,7376,234,7648,-20,0.0916110456746555,-7377,7887.0,8089.928571428572,False
2023-04-19,239,367,224,7356,229,7723,-5,0.9806485355648542,-7382,7843.285714285715,8040.571428571428,False
2023-04-20,113,280,237,7490,320,7770,-83,0.6085717985238936,-7465,7791.714285714285,8008.928571428572,False
2023-04-23,196,306,187,7534,266,7840,-79,0.9009009009008917,-7544,7756.285714285715,7983.714285714285,False
2023-04-24,236,330,222,7796,213,8126,9,3.647959183673466,-7535,7773.0,7971.071428571428,False
2023-04-25,81,230,242,8017,202,8247,40,1.4890475018459304,-7495,7856.428571428572,7958.714285714285,False
2023-04-26,118,245,160,8117,256,8362,-96,1.3944464653813604,-7591,7959.428571428572,7956.214285714285,False
2023-04-27,218,283,208,8159,310,8442,-102,0.9567089213107005,-7693,8072.857142857143,7979.928571428572,False
2023-04-30,132,243,183,8352,293,8595,-110,1.8123667377398789,-7803,8197.42857142857,8020.357142857143,False
2023-05-01,224,315,152,8492,237,8807,-85,2.4665503199534644,-7888,8345.57142857143,8068.642857142857,False
2023-05-02,167,326,213,8654,245,8980,-32,1.964346542522999,-7920,8508.42857142857,8132.357142857143,False
2023-05-03,209,353,232,8704,267,9057,-35,0.8574610244988845,-7955,8641.42857142857,8207.214285714286,False
2023-05-04,153,253,286,8790,332,9043,-46,-0.15457657060836683,-8001,8755.142857142857,8305.785714285714,False
2023-05-07,180,337,219,8485,375,8822,-156,-2.4438792436138446,-8157,8820.857142857143,8390.142857142857,False
2023-05-08,133,287,189,8590,261,8877,-72,0.6234413965087171,-8229,8883.0,8477.92857142857,False
2023-05-09,187,310,247,8606,250,8916,-3,0.4393376140588101,-8232,8928.857142857143,8563.142857142857,False
2023-05-10,168,285,210,8681,304,8966,-94,0.56078959174517,-8326,8951.57142857143,8648.57142857143,False
2023-05-11,269,412,204,8672,392,9084,-188,1.3160829801472262,-8514,8966.42857142857,8737.42857142857,False
2023-05-14,100,255,236,8445,288,8700,-52,-4.227212681638049,-8566,8915.42857142857,8778.42857142857,False
2023-05-15,205,294,177,8571,277,8865,-100,1.8965517241379404,-8666,8890.0,8822.57142857143,False
2023-05-16,161,304,211,8572,272,8876,-61,0.12408347433727762,-8727,8897.714285714286,8859.285714285714,False
2023-05-17,57,162,193,8569,307,8731,-114,-1.6336187471834185,-8841,8876.857142857143,8879.92857142857,False
2023-05-18,80,122,152,8474,351,8596,-199,-1.5462146374985664,-9040,8831.142857142857,8880.0,False
2023-05-21,107,170,133,7826,343,7996,-210,-6.979990693345739,-9250,8692.57142857143,8822.07142857143,False
2023-05-22,99,156,139,7848,240,8004,-101,0.10005002501249916,-9351,8538.285714285714,8752.357142857143,False
2023-05-23,25,66,94,7788,246,7854,-152,-1.874062968515744,-9503,8417.42857142857,8666.42857142857,False
2023-05-24,35,70,53,7709,276,7779,-223,-0.9549274255156615,-9726,8262.285714285714,8576.142857142857,False
2023-05-25,43,73,64,7546,408,7619,-344,-2.056819642627583,-10070,8082.714285714285,8490.214285714286,False
2023-05-29,41,60,71,6996,207,7056,-136,-7.389421183882394,-10206,7843.428571428572,8360.142857142857,False
2023-05-30,65,83,65,7046,168,7129,-103,1.0345804988662222,-10309,7633.857142857143,8232.5,False
2023-05-31,38,80,82,7053,210,7133,-128,0.05610885117126596,-10437,7510.571428571428,8101.571428571428,False
2023-06-01,56,82,68,7002,287,7084,-219,-0.6869479882237517,-10656,7379.142857142857,7958.714285714285,False
2023-06-04,74,103,80,6555,292,6658,-212,-6.013551665725581,-10868,7208.285714285715,7812.857142857143,False
2023-06-05,68,107,102,6523,189,6630,-87,-0.4205467107239458,-10955,7044.142857142857,7653.214285714285,False
2023-06-06,92,124,93,6508,187,6632,-94,0.030165912518853588,-11049,6903.142857142857,7492.928571428572,False
2023-06-07,113,162,107,6483,208,6645,-101,0.19601930036188264,-11150,6844.428571428572,7343.928571428572,False
2023-06-08,106,196,131,6446,255,6642,-124,-0.04514672686229959,-11274,6774.857142857143,7204.357142857143,False
2023-06-11,86,152,168,6007,238,6159,-70,-7.271906052393861,-11344,6635.714285714285,7073.142857142857,False
2023-06-12,84,118,136,6021,177,6139,-41,-0.32472804026627555,-11385,6500.714285714285,6939.928571428572,False
2023-06-13,59,64,117,6061,146,6125,-29,-0.22805017103763037,-11414,6424.571428571428,6816.428571428572,False
2023-06-14,62,97,52,6065,167,6162,-115,0.604081632653064,-11529,6357.714285714285,6700.928571428572,False
2023-06-15,91,75,97,6038,272,6113,-175,-0.7951963648166194,-11704,6283.571428571428,6593.357142857143,False
2023-06-19,29,51,11,5679,142,5730,-131,-6.265336168820546,-11835,6152.857142857143,6498.642857142857,False
2023-06-20,33,53,34,5904,134,5957,-100,3.961605584642225,-11935,6055.0,6414.928571428572,False
2023-06-21,93,196,169,5922,149,6118,20,2.7027027027026973,-11915,6049.142857142857,6342.428571428572,False
2023-06-22,124,234,161,5956,207,6190,-46,1.1768551814318462,-11961,6056.428571428572,6278.571428571428,False
2023-06-25,92,203,173,5766,263,5969,-90,-3.5702746365104954,-12051,6034.142857142857,6229.357142857143,False
2023-06-26,186,259,172,5819,174,6078,-2,1.8261015245434775,-12053,6022.142857142857,6189.928571428572,False
2023-06-27,154,225,220,5917,155,6142,65,1.0529779532741035,-11988,6026.285714285715,6154.928571428572,False
2023-06-28,91,199,172,5999,174,6198,-2,0.9117551286226044,-11990,6093.142857142857,6123.0,False
2023-06-29,81,213,153,6058,213,6271,-60,1.177799290093584,-12050,6138.0,6096.5,False
2023-07-02,209,285,184,5903,309,6188,-125,-1.3235528623823933,-12175,6148.0,6098.571428571428,False
2023-07-04,184,314,217,6127,124,6441,93,4.088558500323214,-12082,6183.857142857143,6120.142857142857,False
2023-07-05,107,215,230,6193,167,6408,63,-0.5123428039124356,-12019,6246.571428571428,6140.357142857143,False
2023-07-06,101,162,178,6239,205,6401,-27,-0.10923845193507864,-12046,6292.714285714285,6157.428571428572,False
2023-07-09,99,190,176,6214,196,6404,-20,0.04686767692547722,-12066,6330.142857142857,6178.214285714285,False
2023-07-10,167,239,166,6346,163,6585,3,2.826358525921302,-12063,6385.428571428572,6239.285714285715,False
2023-07-11,115,216,169,6498,143,6714,26,1.9589977220956678,-12037,6448.714285714285,6293.357142857143,False
2023-07-12,84,158,193,6521,210,6679,-17,-0.5212987786714307,-12054,6518.857142857143,6333.428571428572,False
2023-07-13,130,227,192,6604,226,6831,-34,2.2757897888905587,-12088,6574.571428571428,6379.214285714285,False
2023-07-16,88,214,160,6468,218,6682,-58,-2.1812326160152273,-12146,6613.714285714285,6430.142857142857,False
2023-07-17,113,208,159,6632,160,6840,-1,2.3645615085303717,-12147,6676.428571428572,6484.571428571428,False
2023-07-18,174,285,150,6874,181,7159,-31,4.66374269005847,-12178,6784.285714285715,6557.214285714285,False
2023-07-19,104,230,206,7001,226,7231,-20,1.005727056851513,-12198,6876.571428571428,6631.0,False
2023-07-20,147,276,214,7116,281,7392,-67,2.2265246853823806,-12265,6973.428571428572,6711.071428571428,False
2023-07-23,108,220,213,7052,276,7272,-63,-1.6233766233766267,-12328,7058.142857142857,6788.5,False
2023-07-24,180,280,146,7220,187,7500,-41,3.1353135313531455,-12369,7153.714285714285,6864.142857142857,False
2023-07-25,134,294,186,7510,136,7804,50,4.053333333333331,-12319,7314.0,6963.857142857143,False
2023-07-26,202,313,158,7647,215,7960,-57,1.9989748846745314,-12376,7474.0,7075.214285714285,False
2023-07-27,110,272,193,7754,259,8026,-66,0.8291457286432102,-12442,7597.857142857143,7191.071428571428,False
2023-07-30,166,277,229,7671,305,7948,-76,-0.9718415150759996,-12518,7700.285714285715,7288.428571428572,False
2023-07-31,136,276,178,7800,220,8076,-42,1.610468042274782,-12560,7798.0,7385.714285714285,False
2023-08-01,87,246,173,8103,168,8349,5,3.3803863298662806,-12555,7951.857142857143,7505.0,False
2023-08-02,84,171,157,8261,271,8432,-114,0.9941310336567311,-12669,8085.0,7619.357142857143,False
2023-08-03,167,209,157,8294,339,8503,-182,0.8420303605312984,-12851,8184.857142857143,7749.428571428572,False
2023-08-06,109,245,159,8298,322,8543,-163,0.4704222039280337,-13014,8268.142857142857,7871.071428571428,False
2023-08-07,156,256,176,8493,202,8749,-26,2.4113309141987616,-13040,8371.42857142857,7984.642857142857,False
2023-08-08,125,232,192,8725,207,8957,-15,2.3774145616641817,-13055,8515.57142857143,8107.928571428572,False
2023-08-09,118,139,168,8888,251,9027,-83,0.7815116668527411,-13138,8651.42857142857,8224.714285714286,False
2023-08-10,142,235,139,8914,353,9149,-214,1.3515010523983628,-13352,8765.714285714286,8358.785714285714,False
2023-08-16,148,245,175,9634,288,9879,-113,7.979014099901627,-13465,8972.42857142857,8528.714285714286,False
2023-08-17,119,219,210,9694,407,9913,-197,0.34416438910820357,-13662,9173.857142857143,8679.357142857143,False
2023-08-20,105,210,149,9483,390,9693,-241,-2.219307979420959,-13903,9338.142857142857,8803.142857142857,False
2023-08-21,143,203,163,9668,281,9871,-118,1.8363767667388897,-14021,9498.42857142857,8934.92857142857,False
2023-08-22,119,209,152,9921,230,10130,-78,2.623847634484844,-14099,9666.0,9090.785714285714,True
2023-08-23,155,212,181,10071,285,10283,-104,1.5103652517275412,-14203,9845.42857142857,9248.42857142857,True
2023-08-24,109,214,173,10026,443,10240,-270,-0.41816590489156535,-14473,10001.285714285714,9383.5,True
2023-08-27,191,283,192,9873,488,10156,-296,-0.8203124999999978,-14769,10040.857142857143,9506.642857142857,True
2023-08-28,170,297,196,10012,388,10309,-192,1.5064986215045373,-14961,10097.42857142857,9635.642857142857,True
2023-08-29,152,272,214,10180,286,10452,-72,1.387137452711218,-15033,10205.857142857143,9772.0,True
2023-08-30,239,367,224,10280,366,10647,-142,1.8656716417910557,-15175,10316.714285714286,9907.57142857143,True
2023-08-31,113,280,237,10140,505,10420,-268,-2.1320559782098236,-15443,10358.142857142857,10012.07142857143,True
2023-09-04,196,306,187,9988,293,10294,-106,-1.2092130518234212,-15549,10359.714285714286,10102.57142857143,True
2023-09-05,236,330,222,10142,243,10472,-21,1.7291626190013565,-15570,10392.857142857143,10197.07142857143,True
2023-09-06,81,230,242,10356,291,10586,-49,1.0886172650878434,-15619,10454.285714285714,10247.57142857143,True
2023-09-07,118,245,160,10419,398,10664,-238,0.7368222180238027,-15857,10505.0,10301.214285714286,True
2023-09-10,218,283,208,10282,382,10565,-174,-0.9283570892723136,-16031,10521.142857142857,10363.5,True
2023-09-11,132,243,183,10492,277,10735,-94,1.6090866067203002,-16125,10533.714285714286,10425.214285714286,True
2023-09-12,224,315,152,10649,316,10964,-164,2.133209129017244,-16289,10611.42857142857,10484.785714285714,True
2023-09-13,167,326,213,10678,343,11004,-130,0.36483035388543694,-16419,10712.857142857143,10536.285714285714,True
2023-09-14,209,353,232,10837,414,11190,-182,1.6902944383860419,-16601,10815.42857142857,10604.142857142857,True
2023-09-17,153,253,286,10799,427,11052,-141,-1.2332439678284235,-16742,10882.0,10668.142857142857,True
2023-09-18,180,337,219,10892,313,11229,-94,1.601520086862096,-16836,10962.714285714286,10733.857142857143,True
2023-09-19,133,287,189,11095,260,11382,-71,1.362543414373496,-16907,11079.42857142857,10800.285714285714,True
2023-09-20,187,310,247,11064,364,11374,-117,-0.07028641714988959,-17024,11170.714285714286,10852.214285714286,True
2023-09-21,168,285,210,11067,428,11352,-218,-0.19342359767892114,-17242,11226.142857142857,10918.785714285714,True
2023-09-24,269,412,204,10744,403,11156,-199,-1.7265680056377741,-17441,11247.857142857143,10980.357142857143,True
2023-09-25,100,255,236,10842,284,11097,-48,-0.5288633918967389,-17489,11234.57142857143,11025.0,True
2023-09-26,205,294,177,10978,332,11272,-155,1.5770027935477993,-17644,11266.0,11074.0,True
2023-09-27,161,304,211,11017,331,11321,-120,0.434705464868701,-17764,11279.142857142857,11120.92857142857,True
2023-09-28,57,162,193,10984,447,11146,-254,-1.545799841003448,-18018,11245.42857142857,11162.42857142857,True
2023-10-01,80,122,152,10598,493,10720,-341,-3.8219989233805873,-18359,11152.0,11161.357142857143,True
2023-10-02,107,170,133,10724,284,10894,-151,1.6231343283582111,-18510,11086.57142857143,11156.357142857143,True
2023-10-03,99,156,139,10818,287,10974,-148,0.7343491830365423,-18658,11060.57142857143,11154.214285714286,True
2023-10-04,25,66,94,10963,330,11029,-236,0.5011846181884438,-18894,11050.857142857143,11142.714285714286,True
2023-10-05,35,70,53,11130,427,11200,-374,1.5504578837610028,-19268,11040.57142857143,11153.285714285714,True
2023-10-09,43,73,64,10815,282,10888,-218,-2.7857142857142803,-19486,10978.714285714286,11128.92857142857,True
2023-10-10,41,60,71,10910,257,10970,-186,0.7531227038942045,-19672,10953.57142857143,11099.5,True
2023-10-11,65,83,65,10960,266,11043,-201,0.6654512306289773,-19873,10999.714285714286,11075.857142857143,True
2023-10-12,38,80,82,10992,398,11072,-316,0.2626097980621189,-20189,11025.142857142857,11055.857142857143,True
2023-10-15,56,82,68,10571,434,10653,-366,-3.7843208092485536,-20555,10979.285714285714,11019.92857142857,True
2023-10-16,74,103,80,10629,331,10732,-251,0.7415751431521622,-20806,10936.857142857143,10993.857142857143,True
2023-10-17,68,107,102,10630,315,10737,-213,0.04658963846440045,-21019,10870.714285714286,10955.642857142857,True
2023-10-18,92,124,93,10511,393,10635,-300,-0.9499860296172113,-21319,10834.57142857143,10906.642857142857,True
2023-10-19,113,162,107,10319,406,10481,-299,-1.4480488951574944,-21618,10764.714285714286,10859.142857142857,True
2023-10-22,106,196,131,9506,454,9702,-323,-7.432496899150842,-21941,10573.142857142857,10786.42857142857,False
2023-10-23,86,152,168,9436,327,9588,-159,-1.1750154607297447,-22100,10361.142857142857,10693.142857142857,False
2023-10-24,84,118,136,9396,300,9514,-164,-0.7717980809345049,-22264,10198.42857142857,10588.857142857143,False
2023-10-25,59,64,117,9351,293,9415,-176,-1.0405717889426125,-22440,10010.285714285714,10473.57142857143,False
2023-10-26,62,97,52,9235,390,9332,-338,-0.8815719596388716,-22778,9809.57142857143,10340.142857142857,False
2023-10-29,91,75,97,8925,418,9000,-321,-3.557651093013292,-23099,9576.0,10205.285714285714,False
2023-10-30,29,51,11,9026,278,9077,-267,0.855555555555565,-23366,9375.42857142857,10070.07142857143,False
2023-10-31,33,53,34,9072,295,9125,-261,0.5288090778891696,-23627,9293.0,9933.07142857143,False
2023-11-01,132,235,197,9250,279,9485,-82,3.945205479452052,-23709,9278.285714285714,9819.714285714286,False
2023-11-02,174,208,256,9442,330,9650,-74,1.7395888244596813,-23783,9297.714285714286,9748.07142857143,False
2023-11-05,123,230,167,9273,370,9503,-203,-1.523316062176161,-23986,9310.285714285714,9660.285714285714,False
2023-11-06,123,233,159,9286,316,9519,-157,0.1683678838261704,-24143,9337.0,9573.285714285714,False
2023-11-07,141,232,188,9483,231,9715,-43,2.0590398151066225,-24186,9439.142857142857,9507.57142857143,False
2023-11-08,158,226,191,9634,310,9860,-119,1.4925373134328401,-24305,9551.0,9463.214285714286,False
2023-11-12,96,160,233,9477,313,9637,-80,-2.2616632860040564,-24385,9624.142857142857,9458.57142857143,False
2023-11-13,141,173,129,9510,287,9683,-158,0.4773269689737569,-24543,9652.42857142857,9465.357142857143,False
2023-11-14,116,181,182,9665,247,9846,-65,1.6833625942373143,-24608,9680.42857142857,9489.07142857143,False
2023-11-15,150,157,201,9762,316,9919,-115,0.7414178346536682,-24723,9739.857142857143,9525.07142857143,False
2023-11-16,80,176,125,9762,374,9938,-249,0.191551567698367,-24972,9799.714285714286,9568.357142857143,True
2023-11-19,116,188,164,9573,435,9761,-271,-1.7810424632722865,-25243,9806.285714285714,9622.714285714286,False
2023-11-20,105,185,158,9638,298,9823,-140,0.635180821637138,-25383,9801.0,9676.0,False
2023-11-21,136,246,123,9804,250,10050,-127,2.310902982795482,-25510,9860.0,9742.07142857143,True
2023-11-23,128,228,177,9838,283,10066,-106,0.1592039800994982,-25616,9914.714285714286,9783.57142857143,True
2023-11-26,90,196,205,9845,312,10041,-107,-0.24836081859725967,-25723,9942.57142857143,9811.5,True
2023-11-27,56,82,68,10123,214,10205,-146,1.6333034558311033,-25869,9983.42857142857,9861.642857142857,True
2023-11-28,74,103,80,10223,223,10326,-143,1.185693287604117,-26012,10038.857142857143,9919.285714285714,True
2023-11-29,68,107,102,10398,284,10505,-182,1.73348828200659,-26194,10145.142857142857,9975.714285714286,True
2023-11-30,92,124,93,10536,320,10660,-227,1.47548786292242,-26421,10264.714285714286,10032.857142857143,True
2023-12-03,132,235,197,10579,417,10814,-220,1.4446529080675452,-26641,10373.857142857143,10116.92857142857,True
2023-12-04,174,208,256,10635,273,10843,-17,0.2681708895875712,-26658,10484.857142857143,10199.785714285714,True
2023-12-05,123,230,167,10761,261,10991,-94,1.364935903347786,-26752,10620.57142857143,10281.57142857143,True
2023-12-06,123,233,159,10832,376,11065,-217,0.6732781366572738,-26969,10743.42857142857,10363.42857142857,True
2023-12-07,141,232,188,10897,466,11129,-278,0.5784003615002309,-27247,10858.142857142857,10448.5,True
2023-12-10,158,226,191,10871,411,11097,-220,-0.2875370653248277,-27467,10942.714285714286,10543.92857142857,True
2023-12-11,96,160,233,10998,304,11158,-71,0.5496981166080994,-27538,11013.857142857143,10639.285714285714,True
2023-12-12,141,173,129,11077,259,11250,-130,0.8245205233912811,-27668,11076.142857142857,10725.0,True
2023-12-13,116,181,182,11192,335,11373,-153,1.093333333333324,-27821,11151.857142857143,10818.357142857143,True
2023-12-14,150,157,201,11242,396,11399,-195,0.2286116240218128,-28016,11210.142857142857,10915.357142857143,True
2023-12-17,80,176,125,11092,456,11268,-331,-1.149223616106676,-28347,11239.142857142857,10991.285714285714,True
2023-12-18,116,188,164,11149,364,11337,-200,0.6123535676251235,-28547,11268.857142857143,11063.5,True
2023-12-19,105,185,158,11291,272,11476,-114,1.2260739172620605,-28661,11323.0,11132.857142857143,True
2023-12-20,136,246,123,11516,390,11762,-267,2.492157546183349,-28928,11409.285714285714,11211.57142857143,True
2023-12-21,128,228,177,11375,497,11603,-320,-1.3518109165107983,-29248,11459.714285714286,11267.92857142857,True
2023-12-25,90,196,205,11144,347,11340,-142,-2.266655175385679,-29390,11455.0,11303.42857142857,True
2023-12-26,56,82,68,11217,288,11299,-220,-0.36155202821869237,-29610,11440.714285714286,11325.42857142857,True
2023-12-27,74,103,80,11206,335,11309,-255,0.08850340738117968,-29865,11446.57142857143,11342.857142857143,True
2023-12-28,68,107,102,11230,357,11337,-255,0.2475904147139385,-30120,11446.57142857143,11357.714285714286,True
2024-01-01,92,124,93,10870,290,10994,-197,-3.0254917526682523,-30317,11377.714285714286,11350.357142857143,True
2024-01-02,113,162,107,10770,316,10932,-209,-0.5639439694378745,-30526,11259.142857142857,11334.214285714286,True
2024-01-03,106,196,131,10718,263,10914,-132,-0.16465422612513825,-30658,11160.714285714286,11310.214285714286,True
2024-01-04,86,152,168,10558,362,10710,-194,-1.869158878504673,-30852,11070.714285714286,11262.857142857143,True
2024-01-07,84,118,136,9670,367,9788,-231,-8.608776844070965,-31083,10854.857142857143,11147.785714285714,False
2024-01-08,59,64,117,9670,367,9734,-250,-0.5516959542296695,-31333,10629.857142857143,11038.214285714286,False
2024-01-09,62,97,52,9311,286,9408,-234,-3.3490856790630796,-31567,10354.285714285714,10900.42857142857,False
2024-01-10,91,75,97,9144,349,9219,-252,-2.00892857142857,-31819,10100.714285714286,10739.214285714286,False
2024-01-11,29,51,11,8829,476,8880,-465,-3.6771884152294154,-32284,9807.57142857143,10533.357142857143,False
2024-01-15,33,53,34,8033,234,8086,-200,-8.941441441441444,-32484,9403.57142857143,10282.142857142857,False
2024-01-16,32,49,39,8133,188,8182,-149,1.187237200098945,-32633,9042.42857142857,10056.57142857143,False
2024-01-17,80,176,125,8072,353,8248,-228,0.8066487411390932,-32861,8822.42857142857,9838.642857142857,False
2024-01-18,116,188,164,8042,359,8230,-195,-0.21823472356935492,-33056,8607.57142857143,9618.714285714286,False
2024-01-21,105,185,158,7974,371,8159,-213,-0.8626974483596617,-33269,8429.142857142857,9391.714285714286,False
2024-01-22,136,246,123,8008,222,8254,-99,1.164358377252106,-33368,8291.285714285714,9196.0,False
2024-01-23,128,228,177,8133,202,8361,-25,1.296341167918591,-33393,8217.142857142857,9012.357142857143,False
2024-01-24,90,196,205,8212,243,8408,-38,0.5621337160626627,-33431,8263.142857142857,8833.357142857143,False
2024-01-25,102,189,155,8180,293,8369,-138,-0.4638439581351128,-33569,8289.857142857143,8666.142857142857,False
2024-01-28,120,257,126,8004,307,8261,-181,-1.2904767594694722,-33750,8291.714285714286,8557.07142857143,False
2024-01-29,137,272,166,8057,195,8329,-29,0.8231448977121358,-33779,8305.857142857143,8456.714285714286,False
2024-01-30,93,198,208,8182,187,8380,21,0.6123184055708997,-33758,8337.42857142857,8383.285714285714,False
2024-01-31,203,477,258,8153,266,8630,-8,2.9832935560859086,-33766,8391.142857142857,8341.214285714286,False
2024-02-01,222,459,289,8026,337,8485,-48,-1.6801853997682525,-33814,8408.857142857143,8313.0,False
2024-02-04,253,531,248,7813,342,8344,-94,-1.6617560400707165,-33908,8399.714285714286,8331.42857142857,False
2024-02-05,157,466,345,7872,242,8338,103,-0.07190795781399917,-33805,8395.285714285714,8342.57142857143,False
2024-02-06,291,455,323,8045,178,8500,145,1.9429119692971897,-33660,8429.42857142857,8360.57142857143,False
2024-02-07,227,453,330,8160,222,8613,108,1.32941176470589,-33552,8470.0,8387.92857142857,False
2024-02-08,298,499,358,8188,315,8687,43,0.8591663764077495,-33509,8513.857142857143,8425.642857142857,False
2024-02-11,205,515,226,8056,347,8571,-121,-1.3353286520087493,-33630,8505.42857142857,8448.285714285714,False
2024-02-12,213,430,440,8092,234,8522,206,-0.5716952514292384,-33424,8510.714285714286,8459.785714285714,False
2024-02-13,227,369,349,8348,160,8717,189,2.2881952593287957,-33235,8564.0,8481.857142857143,False
2024-02-14,185,322,272,8512,230,8834,42,1.3422048870024073,-33193,8634.857142857143,8515.07142857143,False
2024-02-15,333,508,272,8463,312,8971,-40,1.5508263527280963,-33233,8702.142857142857,8565.785714285714,False
2024-02-19,249,420,371,8380,218,8800,153,-1.9061420131535,-33080,8728.857142857143,8599.42857142857,False
2024-02-20,149,395,273,8488,192,8883,81,0.9431818181818263,-32999,8756.857142857143,8635.357142857143,False
2024-02-21,232,430,318,8573,231,9003,87,1.3508949679162496,-32912,8818.57142857143,8662.0,False
2024-02-22,165,400,292,8607,293,9007,-1,0.04442963456625648,-32913,8887.857142857143,8699.285714285714,False
2024-02-25,244,482,366,8404,329,8886,37,-1.3433995781059194,-32876,8912.0,8738.0,False
2024-02-26,199,438,326,8404,329,8842,-3,-0.4951609273013746,-32879,8913.142857142857,8774.0,False
2024-02-27,197,369,306,8650,206,9019,100,2.0018095453517404,-32779,8920.0,8811.07142857143,False
2024-02-28,209,447,274,8699,257,9146,17,1.4081383745426335,-32762,8969.42857142857,8849.142857142857,False
2024-02-29,262,444,354,8724,299,9168,55,0.2405423135797058,-32707,9010.142857142857,8883.5,False
2024-03-03,236,468,347,8594,354,9062,-7,-1.1561954624781823,-32714,9018.57142857143,8918.57142857143,False
2024-03-04,225,509,340,8660,229,9169,111,1.1807548002648494,-32603,9041.714285714286,8964.785714285714,False
2024-03-05,246,472,345,8800,214,9272,131,1.12335041989311,-32472,9096.857142857143,9004.42857142857,False
2024-03-06,230,457,277,8870,232,9327,45,0.5931837791199213,-32427,9166.142857142857,9039.642857142857,False
2024-03-07,181,424,328,8902,305,9326,23,-0.010721561059290341,-32404,9210.0,9065.0,False
2024-03-10,190,368,326,8714,373,9082,-47,-2.6163414111087246,-32451,9200.857142857143,9085.142857142857,False
2024-03-11,178,336,290,8757,253,9093,37,0.12111869632238648,-32414,9190.142857142857,9100.142857142857,False
2024-03-12,154,294,290,8843,213,9137,77,0.4838887055977015,-32337,9200.857142857143,9109.714285714286,False
2024-03-13,165,358,167,8819,239,9177,-72,0.43778045310276514,-32409,9202.0,9121.857142857143,False
2024-03-14,166,301,252,8695,310,8996,-58,-1.9723221096218824,-32467,9162.57142857143,9129.714285714286,False
2024-03-17,127,260,259,8373,342,8633,-83,-4.035126722987991,-32550,9063.42857142857,9114.785714285714,False
2024-03-18,123,243,188,8333,283,8576,-95,-0.6602571527858259,-32645,8956.285714285714,9083.142857142857,False
2024-03-19,99,202,256,8390,197,8592,59,0.1865671641791078,-32586,8886.285714285714,9043.57142857143,False
2024-03-20,91,181,174,8365,227,8546,-53,-0.5353817504655467,-32639,8808.142857142857,8999.142857142857,False
2024-03-21,132,261,141,8292,235,8553,-94,0.08190966534051825,-32733,8724.714285714286,8962.785714285714,False
2024-03-24,124,264,221,7899,373,8163,-152,-4.559803577692034,-32885,8579.857142857143,8890.92857142857,False
2024-03-25,128,242,224,7899,229,8141,-5,-0.26950875903466454,-32890,8457.714285714286,8810.142857142857,False
2024-03-26,187,276,200,7919,208,8195,-8,0.6633091757769272,-32898,8395.142857142857,8729.285714285714,False
2024-03-27,129,287,185,7893,215,8180,-30,-0.18303843807199183,-32928,8338.57142857143,8647.42857142857,False
2024-03-28,161,288,248,7762,360,8050,-112,-1.58924205378973,-33040,8261.142857142857,8573.714285714286,False
2024-03-31,105,254,151,7257,287,7511,-136,-6.695652173913047,-33176,8113.285714285715,8460.714285714286,False
2024-04-01,109,235,171,7271,172,7506,-1,-0.06656903208627218,-33177,7963.714285714285,8344.214285714286,False
2024-04-02,101,230,175,7340,132,7570,43,0.8526512123634422,-33134,7879.0,8229.42857142857,False
2024-04-03,124,230,190,7346,163,7576,27,0.07926023778070945,-33107,7798.285714285715,8128.0,False
2024-04-04,95,226,152,7317,225,7543,-73,-0.4355860612460405,-33180,7705.142857142857,8050.142857142857,False
2024-04-07,106,239,233,6982,279,7221,-46,-4.268858544345755,-33226,7568.142857142857,7953.357142857143,False
2024-04-08,102,230,167,6988,199,7218,-32,-0.041545492314087884,-33258,7449.285714285715,7855.214285714285,False
2024-04-09,118,231,217,7043,130,7274,87,0.775838182321964,-33171,7415.428571428572,7764.357142857143,False
2024-04-10,117,244,142,6999,227,7243,-85,-0.42617541930162206,-33256,7377.857142857143,7670.785714285715,False
2024-04-11,183,221,220,6912,285,7133,-65,-1.518707717796497,-33321,7315.428571428572,7597.214285714285,False
2024-04-14,128,245,243,6630,290,6875,-47,-3.6169914481985144,-33368,7215.285714285715,7506.785714285715,False
2024-04-15,144,303,176,6681,191,6984,-15,1.5854545454545566,-33383,7135.428571428572,7420.285714285715,False
2024-04-16,219,392,205,6685,163,7077,42,1.3316151202749094,-33341,7114.857142857143,7341.5,False
2024-04-17,182,371,274,6725,227,7096,47,0.2684753426593245,-33294,7097.428571428572,7273.357142857143,False
2024-04-18,144,322,258,6728,260,7050,-2,-0.6482525366403591,-33296,7065.428571428572,7240.428571428572,False
2024-04-21,208,380,343,6745,240,7125,103,1.0638297872340496,-33193,7048.571428571428,7213.214285714285,False
2024-04-22,176,424,251,6799,214,7223,37,1.3754385964912297,-33156,7061.428571428572,7188.428571428572,False
2024-04-23,252,427,307,6967,134,7394,173,2.367437352900459,-32983,7135.571428571428,7175.428571428572,False
2024-04-24,253,411,307,7128,154,7539,153,1.9610494995942584,-32830,7214.857142857143,7175.142857142857,False
2024-04-25,145,357,333,7209,217,7566,116,0.35813768404298063,-32714,7284.714285714285,7199.785714285715,False
2024-04-28,158,349,365,7298,250,7647,115,1.0705789056304482,-32599,7363.428571428572,7230.428571428572,False
2024-04-29,140,292,255,7373,187,7665,68,0.23538642604943316,-32531,7451.285714285715,7258.357142857143,False
2024-04-30,220,443,194,7431,135,7874,59,2.726679712981084,-32472,7558.285714285715,7303.428571428572,False
2024-05-01,197,437,295,7508,190,7945,105,0.9017018034036095,-32367,7661.428571428572,7361.428571428572,False
2024-05-02,206,411,293,7577,194,7988,99,0.5412208936437901,-32268,7746.285714285715,7440.928571428572,False
2024-05-05,150,315,228,7447,332,7762,-104,-2.829243865798703,-32372,7778.142857142857,7496.5,False
2024-05-06,173,337,211,7449,205,7786,6,0.30919866013914277,-32366,7809.571428571428,7547.142857142857,False
2024-05-07,176,334,246,7566,163,7900,83,1.4641664526072518,-32283,7845.714285714285,7604.571428571428,False
2024-05-08,167,374,205,7583,202,7957,3,0.7215189873417627,-32280,7887.428571428572,7669.357142857143,False
2024-05-09,138,285,268,7570,244,7855,24,-1.2818901596078902,-32256,7884.714285714285,7721.5,False
2024-05-12,138,301,263,7464,245,7765,18,-1.145767027371103,-32238,7859.0,7760.214285714285,False
2024-05-13,112,331,167,7499,157,7830,10,0.8370895041854398,-32228,7836.428571428572,7791.357142857143,False
2024-05-14,246,419,218,7546,186,7965,32,1.724137931034475,-32196,7865.428571428572,7821.785714285715,False
2024-05-15,115,285,341,7589,265,7874,76,-1.1424984306340202,-32120,7878.0,7843.785714285715,False
2024-05-16,206,340,214,7565,234,7905,-20,0.3937007874015741,-32140,7878.714285714285,7862.214285714285,False
2024-05-19,143,295,278,7356,298,7651,-20,-3.2131562302340266,-32160,7835.0,7861.214285714285,False
2024-05-20,111,268,217,7368,192,7636,25,-0.19605280355509125,-32135,7803.714285714285,7844.214285714285,False
2024-05-21,196,348,176,7404,145,7752,31,1.5191199580932402,-32104,7801.857142857143,7830.428571428572,False
2024-05-22,168,349,272,7474,208,7823,64,0.9158926728586092,-32040,7800.857142857143,7818.642857142857,False
2024-05-23,193,272,314,7494,227,7766,87,-0.7286207337338646,-31953,7772.428571428572,7818.928571428572,False
2024-05-27,156,344,252,7365,167,7709,85,-0.7339685809940821,-31868,7748.857142857143,7813.428571428572,False
2024-05-28,153,348,239,7418,151,7766,88,0.7393955117395157,-31780,7729.0,7803.857142857143,False
2024-05-29,182,462,158,7491,141,7953,17,2.4079320113314484,-31763,7772.142857142857,7803.571428571428,False
2024-05-30,167,406,339,7563,190,7969,149,0.20118194392053645,-31614,7819.714285714285,7811.714285714285,False
2024-06-02,159,330,322,7546,306,7876,16,-1.1670222110678918,-31598,7837.428571428572,7819.642857142857,False
2024-06-03,109,244,257,7596,224,7840,33,-0.45708481462671813,-31565,7839.857142857143,7820.357142857143,False
2024-06-04,260,356,176,7565,203,7921,-27,1.033163265306114,-31592,7862.0,7817.214285714285,False
2024-06-05,173,345,291,7691,198,8036,93,1.4518368892816547,-31499,7908.714285714285,7828.785714285715,False
2024-06-06,179,326,282,7741,238,8067,44,0.3857640617222602,-31455,7951.714285714285,7840.357142857143,False
2024-06-09,116,289,166,7451,312,7740,-146,-4.0535515061361105,-31601,7921.285714285715,7846.714285714285,False
2024-06-10,184,334,229,7439,212,7773,17,0.426356589147292,-31584,7893.285714285715,7856.5,False
2024-06-11,186,352,224,7493,156,7845,68,0.9262832883056626,-31516,7888.857142857143,7863.142857142857,False
2024-06-12,152,266,274,7548,212,7814,62,-0.39515615041427754,-31454,7885.142857142857,7862.5,False
2024-06-13,167,293,230,7544,259,7837,-29,0.2943434860506855,-31483,7873.142857142857,7867.571428571428,False
2024-06-16,204,315,233,7307,294,7622,-61,-2.7433967079239507,-31544,7814.0,7861.357142857143,False
2024-06-17,159,310,272,7318,224,7628,48,0.07871949619522312,-31496,7751.285714285715,7851.5,False
2024-06-18,160,297,253,7340,214,7637,39,0.11798636601991763,-31457,7736.571428571428,7828.928571428572,False
2024-06-19,204,321,246,7433,198,7754,48,1.5320151892104228,-31409,7733.857142857143,7813.571428571428,False
2024-06-20,145,247,243,7431,235,7678,8,-0.9801392829507316,-31401,7710.0,7799.428571428572,False
2024-06-23,102,227,201,7247,294,7474,-93,-2.6569419119562343,-31494,7661.428571428572,7773.285714285715,False
2024-06-24,116,175,172,7239,202,7414,-30,-0.8027829810008047,-31524,7601.0,7737.071428571428,False
2024-06-25,172,263,191,7239,202,7502,-11,1.1869436201780381,-31535,7583.857142857143,7698.928571428572,False
2024-06-26,132,235,197,7268,187,7503,10,0.013329778725679198,-31525,7566.0,7658.642857142857,False
2024-06-27,174,208,256,7248,268,7456,-12,-0.6264161002265789,-31537,7540.142857142857,7638.357142857143,False
2024-06-30,123,230,167,6874,273,7104,-106,-4.72103004291845,-31643,7447.285714285715,7590.571428571428,False
2024-07-01,123,233,159,6825,229,7058,-70,-0.6475225225225256,-31713,7358.714285714285,7534.357142857143,False
2024-07-02,141,232,188,6823,184,7055,4,-0.042504958911870894,-31709,7298.857142857143,7480.142857142857,False
2024-07-04,158,226,191,6790,225,7016,-34,-0.5527994330262187,-31743,7242.0,7421.5,False
2024-07-07,96,160,233,6599,213,6759,20,-3.6630558722919093,-31723,7135.857142857143,7359.857142857143,False
2024-07-08,141,173,129,6617,123,6790,6,0.458647728953987,-31717,7034.0,7300.0,False
2024-07-09,116,181,182,6651,130,6832,52,0.6185567010309256,-31665,6944.857142857143,7242.5,False
2024-07-10,150,157,201,6649,177,6806,24,-0.38056206088993294,-31641,6902.285714285715,7174.785714285715,False
2024-07-11,80,176,125,6640,197,6816,-72,0.1469291801351691,-31713,6867.714285714285,7113.214285714285,False
2024-07-14,116,188,164,6308,237,6496,-73,-4.694835680751175,-31786,6787.857142857143,7043.357142857143,False
2024-07-15,105,185,158,6283,171,6468,-13,-0.4310344827586188,-31799,6709.571428571428,6975.785714285715,False
2024-07-16,136,246,123,6239,173,6485,-50,0.26283240568953925,-31849,6670.428571428572,6903.142857142857,False
2024-07-17,128,228,177,6228,187,6456,-10,-0.44718581341557373,-31859,6622.714285714285,6828.357142857143,False
2024-07-21,90,196,205,6058,262,6254,-57,-3.1288723667905805,-31916,6540.142857142857,6742.5,False
2024-07-22,102,189,155,6002,234,6191,-79,-1.0073552926127327,-31995,6452.285714285715,6677.285714285715,False
2024-07-23,120,257,126,5965,170,6222,-44,0.500726861573253,-32039,6367.428571428572,6617.571428571428,False
2024-07-24,137,272,166,5927,177,6199,-11,-0.3696560591449738,-32050,6325.0,6556.428571428572,False
2024-07-25,93,198,208,5954,194,6152,14,-0.7581868043232798,-32036,6279.857142857143,6494.714285714285,False
2024-07-28,152,290,199,5743,207,6033,-8,-1.934330299089726,-32044,6215.285714285715,6442.857142857143,False
2024-07-29,114,210,219,5819,163,6029,56,-0.06630200563566557,-31988,6154.285714285715,6388.5,False
2024-07-30,125,203,208,5930,92,6133,116,1.724995853375355,-31872,6137.0,6338.571428571428,False
2024-07-31,140,261,163,5963,154,6224,9,1.4837762921897868,-31863,6141.714285714285,6297.0,False
2024-08-01,227,298,212,6016,169,6314,43,1.4460154241645151,-31820,6154.857142857143,6261.142857142857,False
2024-08-04,63,167,143,5943,170,6110,-27,-3.230915426037373,-31847,6142.142857142857,6233.571428571428,False
2024-08-05,172,259,138,5950,150,6209,-12,1.6202945990180018,-31859,6150.285714285715,6215.071428571428,False
2024-08-06,163,283,200,5998,143,6281,57,1.1596070220647459,-31802,6185.714285714285,6200.5,False
2024-08-07,135,273,207,6038,174,6311,33,0.4776309504855858,-31769,6226.0,6190.142857142857,False
2024-08-08,119,230,213,6084,174,6314,39,0.04753604816987167,-31730,6251.857142857143,6194.428571428572,False
2024-08-11,95,211,140,5894,249,6105,-109,-3.3101045296167197,-31839,6234.857142857143,6188.285714285715,False
2024-08-12,109,219,155,5903,148,6122,7,0.27846027846027965,-31832,6207.428571428572,6181.142857142857,False
2024-08-13,162,239,189,5981,123,6220,66,1.6007840574975507,-31766,6223.142857142857,6182.642857142857,False
2024-08-14,109,226,191,5987,178,6213,13,-0.11254019292604722,-31753,6223.714285714285,6187.0,False
2024-08-15,124,241,156,5895,220,6136,-64,-1.2393368742958266,-31817,6203.0,6194.357142857143,False
2024-08-18,86,244,235,5821,178,6065,57,-1.1571056062581464,-31760,6167.857142857143,6196.928571428572,False
2024-08-19,176,254,162,5865,158,6119,4,0.8903544929925733,-31756,6140.0,6195.928571428572,False
2024-08-20,136,274,245,5995,112,6269,133,2.45138094459878,-31623,6163.428571428572,6199.142857142857,False
2024-08-21,134,245,167,6028,156,6273,11,0.06380602966979954,-31612,6185.0,6196.214285714285,False
2024-08-22,182,307,205,6054,171,6361,34,1.4028375577873398,-31578,6205.142857142857,6214.142857142857,False
2024-08-27,149,285,222,6152,97,6437,125,1.1947806948592987,-31453,6237.142857142857,6230.428571428572,False
2024-08-28,170,285,178,6227,134,6512,44,1.1651390399254336,-31409,6290.857142857143,6246.928571428572,False
2024-08-29,145,295,188,6250,169,6545,19,0.5067567567567544,-31390,6359.428571428572,6263.642857142857,False
2024-09-02,133,270,198,6192,129,6462,69,-1.268143621084794,-31321,6408.428571428572,6274.214285714285,False
2024-09-03,131,263,177,6272,112,6535,65,1.1296812132466805,-31256,6446.428571428572,6304.928571428572,False
2024-09-04,121,231,219,6375,114,6606,105,1.0864575363427775,-31151,6494.0,6339.5,False
2024-09-05,126,230,175,6448,121,6678,54,1.089918256130784,-31097,6539.285714285715,6372.214285714285,False
2024-09-08,123,255,164,6312,221,6567,-57,-1.6621743036837389,-31154,6557.857142857143,6397.5,False
2024-09-09,144,275,190,6353,141,6628,49,0.928886858535094,-31105,6574.428571428572,6432.642857142857,False
2024-09-10,131,251,180,6396,148,6647,32,0.28666264333132574,-31073,6589.0,6474.214285714285,False
2024-09-11,93,248,175,6410,162,6658,13,0.16548819016097838,-31060,6617.0,6512.714285714285,False
2024-09-12,184,280,210,6360,220,6640,-10,-0.270351456893958,-31070,6632.0,6539.214285714285,False
2024-09-13,81,200,212,6326,279,6526,-67,-1.7168674698795128,-31137,6620.571428571428,6557.285714285715,False
2024-09-15,98,220,167,6234,210,6454,-43,-1.1032791909285966,-31180,6588.571428571428,6563.928571428572,False
2024-09-16,113,209,160,6229,164,6438,-4,-0.24790827393864623,-31184,6570.142857142857,6564.0,False
2024-09-17,159,304,139,6227,160,6531,-21,1.4445479962721386,-31205,6556.285714285715,6565.357142857143,False
2024-09-18,116,213,217,6245,149,6458,68,-1.1177461338233052,-31137,6529.285714285715,6559.142857142857,False
2024-09-19,93,196,169,6270,188,6466,-19,0.12387736141219463,-31156,6501.857142857143,6559.428571428572,False
2024-09-22,124,234,161,5989,197,6223,-36,-3.7581193937519353,-31192,6442.285714285715,6537.142857142857,False
2024-09-23,92,203,173,6002,165,6205,8,-0.28924955809095376,-31184,6396.428571428572,6508.5,False
2024-09-24,186,259,172,6023,143,6282,29,1.2409347300563978,-31155,6371.857142857143,6480.214285714285,False
2024-09-25,154,225,220,6050,169,6275,51,-0.11142948105699046,-31104,6348.571428571428,6459.357142857143,False
2024-09-26,91,199,172,6090,185,6289,-13,0.223107569721126,-31117,6314.0,6435.142857142857,False
2024-09-29,81,213,153,5925,177,6138,-24,-2.401017649864845,-31141,6268.285714285715,6398.785714285715,False
2024-09-30,209,285,184,5967,138,6252,46,1.8572825024437911,-31095,6237.714285714285,6369.785714285715,False
2024-10-01,184,314,217,6040,137,6354,80,1.6314779270633295,-31015,6256.428571428572,6349.357142857143,False
2024-10-02,107,215,230,6091,173,6306,57,-0.7554296506137814,-30958,6270.857142857143,6333.642857142857,False
2024-10-03,101,162,178,6118,193,6280,-15,-0.4123057405645447,-30973,6270.571428571428,6321.214285714285,False
2024-10-07,99,190,176,5968,153,6158,23,-1.942675159235674,-30950,6253.857142857143,6301.214285714285,False
2024-10-08,167,239,166,6013,123,6252,43,1.5264696329977179,-30907,6248.571428571428,6281.285714285715,False
2024-10-09,115,216,169,6047,137,6263,32,0.175943698016634,-30875,6266.428571428572,6267.357142857143,False
2024-10-10,84,158,193,6075,159,6233,34,-0.4790036723614888,-30841,6263.714285714285,6250.714285714285,False
2024-10-13,130,227,192,5889,210,6116,-18,-1.8771057275790204,-30859,6229.714285714285,6243.071428571428,False
2024-10-14,88,214,160,5935,106,6149,54,0.5395683453237377,-30805,6207.285714285715,6239.071428571428,False
2024-10-15,113,208,159,6013,107,6221,52,1.170922101154659,-30753,6198.857142857143,6234.714285714285,False
2024-10-16,174,285,150,6036,129,6321,21,1.6074586079408482,-30732,6222.142857142857,6238.0,False
2024-10-17,104,230,206,6076,160,6306,46,-0.23730422401518902,-30686,6229.857142857143,6239.214285714285,False
2024-10-20,147,276,214,5918,195,6194,19,-1.776086267047261,-30667,6220.0,6243.214285714285,False
2024-10-21,108,220,213,5966,154,6186,59,-0.12915724895059544,-30608,6213.285714285715,6238.5,False
2024-10-22,180,280,146,6043,109,6323,37,2.2146783058519137,-30571,6242.857142857143,6236.285714285715,False
2024-10-23,134,294,186,6077,138,6371,48,0.7591333227898067,-30523,6274.571428571428,6240.928571428572,False
2024-10-27,202,313,158,5974,192,6287,-34,-1.318474336838804,-30557,6284.0,6241.428571428572,False
2024-10-28,110,272,193,6008,156,6280,37,-0.11134086209638738,-30520,6278.142857142857,6250.142857142857,False
2024-10-29,166,277,229,6106,126,6383,103,1.6401273885350287,-30417,6289.142857142857,6259.5,False
2024-10-30,136,276,178,6149,160,6425,18,0.6579978066739711,-30399,6322.142857142857,6271.071428571428,False
2024-10-31,87,246,173,6148,177,6394,-4,-0.4824902723735369,-30403,6351.857142857143,6282.571428571428,False
2024-11-03,84,171,157,5990,184,6161,-27,-3.6440412887081663,-30430,6328.714285714285,6285.785714285715,False
2024-11-04,167,209,157,6007,132,6216,25,0.8927122220418804,-30405,6306.571428571428,6290.571428571428,False
2024-11-05,109,245,159,6045,126,6290,33,1.1904761904761862,-30372,6307.0,6295.5,False
2024-11-06,156,256,176,6086,137,6342,39,0.8267090620031725,-30333,6315.857142857143,6297.0,False
2024-11-07,125,232,192,6084,177,6316,15,-0.40996531062755803,-30318,6306.285714285715,6297.714285714285,False
2024-11-11,118,139,168,5963,145,6102,23,-3.3882203926535737,-30295,6260.142857142857,6291.142857142857,False
2024-11-12,142,235,139,5975,138,6210,1,1.7699115044247815,-30294,6233.857142857143,6292.857142857143,False
2024-11-13,148,245,175,5966,151,6211,24,0.016103059581329404,-30270,6241.0,6284.857142857143,False
2024-11-14,119,219,210,6025,172,6244,38,0.5313154081468374,-30232,6245.0,6275.785714285715,False
2024-11-17,105,210,149,5816,195,6026,-46,-3.49135169762973,-30278,6207.285714285715,6257.142857142857,False
2024-11-18,143,203,163,5819,138,6022,25,-0.06637902422834685,-30253,6161.571428571428,6238.714285714285,False
2024-11-19,119,209,152,5844,146,6053,6,0.5147791431418192,-30247,6124.0,6215.142857142857,False
2024-11-20,155,212,181,5879,148,6091,33,0.6277878737815934,-30214,6122.428571428572,6191.285714285715,False
2024-11-21,109,214,173,5850,210,6064,-37,-0.44327696601543787,-30251,6101.571428571428,6167.714285714285,False
2024-11-24,191,283,192,5664,207,5947,-15,-1.9294195250659674,-30266,6063.857142857143,6152.428571428572,False
2024-11-25,170,297,196,5715,129,6012,67,1.0929880612073228,-30199,6030.714285714285,6137.857142857143,False
2024-11-26,152,272,214,5826,112,6098,102,1.4304723885562254,-30097,6041.0,6124.142857142857,False
2024-11-27,239,367,224,5862,211,6229,13,2.1482453263365064,-30084,6070.571428571428,6116.071428571428,False
2024-11-28,113,280,237,5963,143,6243,94,0.224755177396041,-29990,6097.714285714285,6110.857142857143,False
2024-12-01,196,306,187,5986,149,6292,38,0.7848790645522907,-29952,6126.428571428572,6124.428571428572,False
2024-12-02,236,330,222,6061,115,6391,107,1.573426573426584,-29845,6173.142857142857,6137.357142857143,False
2024-12-03,81,230,242,6192,107,6422,135,0.48505711156312525,-29710,6241.0,6152.428571428572,False
2024-12-04,118,245,160,6269,115,6514,45,1.4325755216443525,-29665,6312.714285714285,6171.714285714285,False
2024-12-05,218,283,208,6310,150,6593,58,1.2127724900214965,-29607,6383.428571428572,6212.214285714285,False
2024-12-08,132,243,183,6286,172,6529,11,-0.9707265281359012,-29596,6426.285714285715,6248.428571428572,False
2024-12-09,224,315,152,6268,174,6583,-22,0.8270791851738402,-29618,6474.857142857143,6286.285714285715,False
2024-12-10,167,326,213,6310,149,6636,64,0.8051040559015732,-29554,6524.0,6325.214285714285,False
2024-12-11,209,353,232,6402,152,6755,80,1.793248945147674,-29474,6576.0,6374.571428571428,False
2024-12-12,153,253,286,6481,194,6734,92,-0.31088082901554737,-29382,6620.571428571428,6430.785714285715,False
2024-12-15,180,337,219,6408,224,6745,-5,0.16335016335016217,-29387,6653.571428571428,6483.142857142857,False
2024-12-16,133,287,189,6454,149,6741,40,-0.05930318754633346,-29347,6674.714285714285,6529.071428571428,False
2024-12-17,187,310,247,6506,151,6816,96,1.1125945705384943,-29251,6715.714285714285,6571.0,False
2024-12-18,168,285,210,6598,134,6883,76,0.9829812206572752,-29175,6758.571428571428,6616.714285714285,False
2024-12-19,269,412,204,6600,238,7012,-34,1.8741827691413526,-29209,6812.285714285715,6668.142857142857,False
2024-12-22,100,255,236,6595,268,6850,-32,-2.310325156873927,-29241,6825.857142857143,6700.928571428572,False
2024-12-23,205,294,177,6548,231,6842,-54,-0.11678832116788218,-29295,6841.285714285715,6730.928571428572,False
2024-12-24,161,304,211,6622,155,6926,56,1.2277111955568465,-29239,6867.142857142857,6760.357142857143,False
2024-12-25,57,162,193,6689,107,6851,86,-1.082876118971987,-29153,6882.857142857143,6778.785714285715,False
2024-12-26,80,122,152,6707,135,6829,17,-0.3211210042329604,-29136,6884.714285714285,6800.214285714285,False
2024-12-29,107,170,133,6465,216,6635,-83,-2.8408258895885163,-29219,6849.285714285715,6803.928571428572,False
2024-12-30,99,156,139,6454,177,6610,-38,-0.37678975131876236,-29257,6791.857142857143,6802.071428571428,False
2025-01-01,25,66,94,6405,144,6471,-50,-2.1028744326777593,-29307,6737.714285714285,6781.785714285715,False
2025-01-02,35,70,53,6292,170,6362,-117,-1.6844382630196275,-29424,6669.142857142857,6755.214285714285,False
2025-01-05,43,73,64,5882,185,5955,-121,-6.397359320968254,-29545,6530.428571428572,6698.785714285715,False
2025-01-06,41,60,71,5769,190,5829,-119,-2.1158690176322437,-29664,6384.428571428572,6633.642857142857,False
2025-01-07,65,83,65,5703,133,5786,-68,-0.7376908560645101,-29732,6235.428571428572,6560.071428571428,False
2025-01-08,38,80,82,5605,184,5685,-102,-1.7455928102315887,-29834,6099.714285714285,6474.5,False
2025-01-09,56,82,68,5507,164,5589,-96,-1.6886543535620024,-29930,5953.857142857143,6372.857142857143,False
2025-01-12,74,103,80,5092,235,5195,-155,-7.049561638933621,-30085,5771.571428571428,6254.642857142857,False
2025-01-13,68,107,102,5019,181,5126,-79,-1.3282001924927789,-30164,5595.0,6132.071428571428,False
2025-01-14,92,124,93,4957,139,5081,-46,-0.877877487319545,-30210,5470.142857142857,6000.285714285715,False
2025-01-15,113,162,107,4903,164,5065,-57,-0.3148986419996058,-30267,5361.0,5872.714285714285,False
2025-01-16,106,196,131,4881,159,5077,-28,0.23692003948667661,-30295,5259.714285714285,5747.571428571428,False
2025-01-19,86,152,168,4628,176,4780,-8,-5.849911364979321,-30303,5130.428571428572,5615.071428571428,False
2025-01-20,84,118,136,4638,127,4756,9,-0.5020920502092019,-30294,5011.428571428572,5482.642857142857,False
2025-01-21,59,64,117,4728,54,4792,63,0.7569386038688064,-30231,4953.857142857143,5362.714285714285,False
2025-01-22,62,97,52,4717,83,4814,-31,0.45909849749583564,-30262,4909.285714285715,5252.142857142857,False
2025-01-23,91,75,97,4621,174,4696,-77,-2.451184046530952,-30339,4854.285714285715,5162.214285714285,False
2025-01-26,29,51,11,4241,182,4292,-171,-8.603066439523,-30510,4743.857142857143,5052.428571428572,False
2025-01-27,33,53,34,4161,127,4214,-93,-1.817334575955265,-30603,4620.571428571428,4940.142857142857,False
2025-01-28,32,49,39,4096,101,4145,-62,-1.6373991457047987,-30665,4529.857142857143,4830.142857142857,False
2025-01-29,32,50,39,4036,99,4086,-60,-1.423401688781667,-30725,4434.142857142857,4722.785714285715,False
2025-01-30,47,42,47,3923,159,3965,-112,-2.961331375428289,-30837,4316.0,4634.928571428572,False
2025-02-02,20,22,41,3483,168,3505,-127,-11.601513240857509,-30964,4129.0,4519.142857142857,False
2025-02-03,23,45,11,3403,102,3448,-91,-1.6262482168330927,-31055,3950.714285714286,4402.5,False
2025-02-04,34,54,29,3359,74,3413,-45,-1.0150812064965153,-31100,3825.1428571428573,4284.5,False
2025-02-05,26,36,36,3290,104,3326,-68,-2.5490770583064704,-31168,3698.285714285714,4159.428571428572,False
2025-02-06,25,32,27,3181,145,3213,-118,-3.397474443776305,-31286,3565.1428571428573,4047.5,False
2025-02-09,15,13,23,2878,99,2891,-76,-10.02178649237473,-31362,3394.4285714285716,3914.285714285714,False
2025-02-10,16,18,15,2834,63,2852,-48,-1.3490141819439638,-31410,3235.4285714285716,3775.714285714286,False
2025-02-11,11,22,12,2799,50,2821,-38,-1.0869565217391353,-31448,3137.714285714286,3633.3571428571427,False
2025-02-12,16,20,20,2752,66,2772,-46,-1.7369727047146455,-31494,3041.1428571428573,3495.9285714285716,False
2025-02-13,15,10,23,2703,72,2713,-49,-2.128427128427124,-31543,2941.1428571428573,3383.1428571428573,False
2025-02-17,8,17,14,2532,15,2549,-1,-6.044968669369699,-31544,2830.1428571428573,3264.214285714286,False
2025-02-18,18,19,11,2536,9,2555,2,0.23538642604943316,-31542,2736.1428571428573,3150.6428571428573,False
2025-02-19,12,17,17,2528,19,2545,-2,-0.3913894324853229,-31544,2686.714285714286,3040.5714285714284,False
2025-02-20,13,25,15,2520,32,2545,-17,0.0,-31561,2642.8571428571427,2939.1428571428573,False
2025-02-23,7,16,8,2423,35,2439,-27,-4.165029469548132,-31588,2588.285714285714,2863.0,False
2025-02-24,20,22,14,2413,24,2435,-10,-0.16400164001639794,-31598,2540.1428571428573,2790.6428571428573,False
2025-02-25,11,7,7,2413,23,2420,-16,-0.6160164271047264,-31614,2498.285714285714,2719.714285714286,False
2025-02-26,12,21,1,2411,23,2432,-22,0.49586776859504855,-31636,2481.5714285714284,2655.8571428571427,False
2025-02-27,10,15,17,2391,37,2406,-20,-1.0690789473684181,-31656,2460.285714285714,2598.214285714286,False
2025-03-02,12,24,4,2297,31,2321,-27,-3.5328345802161265,-31683,2428.285714285714,2557.5,False
2025-03-03,8,29,18,2287,25,2316,-7,-0.21542438604049696,-31690,2395.5714285714284,2519.214285714286,False
2025-03-04,4,25,10,2272,30,2297,-20,-0.8203799654576849,-31710,2375.285714285714,2481.785714285714,False
2025-03-05,5,20,4,2238,40,2258,-36,-1.6978667827601268,-31746,2350.0,2445.0714285714284,False
2025-03-06,7,27,6,2218,33,2245,-27,-0.5757307351638596,-31773,2325.0,2411.6428571428573,False
2025-03-09,12,25,15,2137,30,2162,-15,-3.697104677060137,-31788,2286.4285714285716,2384.0,False
2025-03-10,6,28,8,2125,23,2153,-15,-0.4162812210915856,-31803,2250.285714285714,2355.285714285714,False
2025-03-11,3,11,7,2116,20,2127,-13,-1.207617278216444,-31816,2222.5714285714284,2325.4285714285716,False
2025-03-12,6,18,2,2113,8,2131,-6,0.18805829807240215,-31822,2196.1428571428573,2295.8571428571427,False
2025-03-13,4,20,9,2116,6,2136,3,0.2346316283434957,-31819,2173.1428571428573,2274.214285714286,False
2025-03-16,1,9,8,2117,5,2126,3,-0.46816479400748623,-31816,2154.285714285714,2252.1428571428573,False
2025-03-17,5,14,0,2111,8,2125,-8,-0.04703668861711918,-31824,2137.1428571428573,2231.0714285714284,False
2025-03-18,19,34,6,2109,8,2143,-2,0.8470588235294008,-31826,2134.4285714285716,2210.4285714285716,False
2025-03-19,6,22,14,2119,9,2141,5,-0.09332711152589823,-31821,2132.714285714286,2191.5,False
2025-03-20,9,20,11,2124,7,2144,4,0.14012143858010973,-31817,2135.1428571428573,2178.8571428571427,False
2025-03-23,15,29,9,2136,2,2165,7,0.9794776119403048,-31810,2140.0,2168.0714285714284,False
2025-03-24,7,13,11,2139,7,2152,4,-0.6004618937644368,-31806,2142.285714285714,2157.714285714286,False
2025-03-25,12,19,7,2145,6,2164,1,0.5576208178438735,-31805,2147.714285714286,2151.0,False
2025-03-26,9,21,15,2159,2,2180,13,0.7393715341959428,-31792,2155.5714285714284,2146.3571428571427,False
2025-03-27,1,19,13,2159,2,2178,11,-0.09174311926605228,-31781,2160.5714285714284,2147.5,False
2025-03-30,9,20,5,2188,2,2208,3,1.377410468319562,-31778,2170.1428571428573,2151.4285714285716,False
2025-03-31,9,25,8,2193,5,2218,3,0.45289855072463414,-31775,2180.714285714286,2157.9285714285716,False
2025-04-01,17,36,7,2191,12,2227,-5,0.4057709648331853,-31780,2189.5714285714284,2164.785714285714,False
2025-04-02,5,31,16,2208,3,2239,13,0.5388414907947947,-31767,2202.0,2172.1428571428573,False
2025-04-03,12,26,18,2223,8,2249,10,0.44662795891021734,-31757,2214.1428571428573,2180.9285714285716,False
2025-04-06,7,14,7,2234,11,2248,-4,-0.04446420631392112,-31761,2223.8571428571427,2189.714285714286,False
2025-04-07,12,22,9,2237,5,2259,4,0.48932384341637825,-31757,2235.4285714285716,2198.0,False
2025-04-08,12,34,12,2243,9,2277,3,0.7968127490039834,-31754,2245.285714285714,2207.714285714286,False
2025-04-09,6,19,10,2251,5,2270,5,-0.30742204655248573,-31749,2252.714285714286,2216.714285714286,False
2025-04-10,18,25,17,2265,6,2290,11,0.8810572687224738,-31738,2261.714285714286,2225.6428571428573,False
2025-04-11,8,22,8,2267,9,2289,-1,-0.04366812227074579,-31739,2268.8571428571427,2235.4285714285716,False
2025-04-13,5,26,10,2283,3,2309,7,0.8737439930100566,-31732,2277.4285714285716,2245.785714285714,False
2025-04-14,5,26,9,2282,13,2308,-4,-0.04330879168471524,-31736,2286.0,2254.9285714285716,False
2025-04-15,4,19,12,2286,7,2305,5,-0.12998266897746857,-31731,2292.5714285714284,2264.0,False
2025-04-16,11,30,5,2291,8,2321,-3,0.694143167028205,-31734,2298.8571428571427,2272.0714285714284,False
2025-04-17,7,26,10,2288,14,2314,-4,-0.30159414045669575,-31738,2305.1428571428573,2278.9285714285716,False
2025-04-20,4,15,6,2305,4,2320,2,0.2592912705272177,-31736,2309.4285714285716,2285.5714285714284,False
2025-04-21,10,25,5,2308,6,2333,-1,0.5603448275862011,-31737,2315.714285714286,2292.285714285714,False
2025-04-22,7,19,14,2305,17,2324,-3,-0.385769395627944,-31740,2317.8571428571427,2297.6428571428573,False
2025-04-23,3,23,4,2300,11,2323,-7,-0.0430292598967319,-31747,2320.0,2303.0,False
2025-04-24,3,9,7,2294,13,2303,-6,-0.860955660783469,-31753,2319.714285714286,2306.1428571428573,False
2025-04-27,9,40,12,2301,4,2341,8,1.6500217108119886,-31745,2322.5714285714284,2310.714285714286,False
2025-04-28,6,26,12,2307,8,2333,4,-0.34173430158052076,-31741,2325.285714285714,2315.214285714286,False
2025-04-29,11,25,11,2304,15,2329,-4,-0.17145306472353683,-31745,2326.5714285714284,2318.0,False
2025-04-30,7,34,9,2309,12,2343,-3,0.6011163589523472,-31748,2328.0,2321.8571428571427,False
2025-05-01,13,32,14,2306,16,2338,-2,-0.21340162185232714,-31750,2330.0,2323.9285714285716,False
2025-05-04,9,31,10,2335,5,2366,5,1.1976047904191711,-31745,2336.1428571428573,2328.0714285714284,False
2025-05-05,15,44,20,2331,17,2375,3,0.3803888419273038,-31742,2346.4285714285716,2333.0714285714284,False
2025-05-06,10,33,16,2339,16,2372,0,-0.1263157894736855,-31742,2350.8571428571427,2336.714285714286,False
2025-05-07,10,30,15,2335,10,2365,5,-0.295109612141653,-31737,2355.4285714285716,2340.3571428571427,False
2025-05-08,15,24,16,2361,11,2385,5,0.8456659619450413,-31732,2363.4285714285716,2345.0,False
2025-05-11,15,20,12,2385,3,2405,9,0.8385744234800763,-31723,2372.285714285714,2350.1428571428573,False
2025-05-12,7,33,14,2392,7,2425,7,0.8316008316008316,-31716,2384.714285714286,2357.3571428571427,False
2025-05-13,18,29,12,2394,11,2423,1,-0.08247422680411898,-31715,2392.8571428571427,2364.5,False
2025-05-14,7,30,14,2394,11,2424,3,0.04127115146512761,-31712,2399.8571428571427,2373.1428571428573,False
2025-05-15,15,31,14,2410,14,2441,0,0.7013201320132056,-31712,2409.714285714286,2380.285714285714,False
2025-05-18,13,28,14,2437,9,2465,5,0.9832036050798854,-31707,2424.0,2389.714285714286,False
2025-05-19,7,27,17,2457,6,2484,11,0.7707910750507141,-31696,2438.1428571428573,2400.785714285714,False
2025-05-21,14,62,13,2467,18,2529,-5,1.8115942028985588,-31701,2455.8571428571427,2414.0714285714284,False
2025-05-22,18,36,17,2473,15,2509,2,-0.7908264136022192,-31699,2467.8571428571427,2426.285714285714,False
2025-05-27,6,24,7,2504,11,2528,-4,0.757273814268622,-31703,2482.8571428571427,2437.8571428571427,False
2025-05-28,12,39,12,2499,14,2538,-2,0.39556962025315556,-31705,2499.1428571428573,2449.5,False
2025-05-29,13,38,15,2506,11,2544,4,0.23640661938533203,-31701,2513.8571428571427,2461.785714285714,False
2025-06-01,8,24,16,2528,12,2552,4,0.3144654088050425,-31697,2526.285714285714,2475.1428571428573,False
2025-06-02,10,19,5,2518,16,2537,-11,-0.5877742946708508,-31708,2533.8571428571427,2486.0,False
2025-06-03,5,23,11,2519,15,2542,-4,0.19708316909736734,-31712,2535.714285714286,2495.785714285714,False
2025-06-04,4,16,9,2516,16,2532,-7,-0.3933910306844979,-31719,2539.0,2503.4285714285716,False
2025-06-05,8,26,5,2503,21,2529,-16,-0.11848341232227888,-31735,2539.1428571428573,2511.0,False
2025-06-08,10,16,15,2507,13,2523,2,-0.23724792408066353,-31733,2537.0,2518.0714285714284,False
2025-06-09,8,21,14,2516,9,2537,5,0.5548949663099378,-31728,2536.0,2524.9285714285716,False
2025-06-10,17,28,7,2511,12,2539,-5,0.07883326763893361,-31733,2534.1428571428573,2530.214285714286,False
2025-06-17,7,24,10,2523,14,2547,-4,0.3150846790074935,-31737,2535.5714285714284,2534.714285714286,False
2025-06-19,8,19,7,2501,18,2520,-11,-1.0600706713780883,-31748,2532.4285714285716,2534.0714285714284,False
2025-06-22,7,13,5,2508,7,2521,-2,0.03968253968253954,-31750,2530.8571428571427,2534.9285714285716,False
2025-06-23,3,15,5,2495,17,2510,-12,-0.4363347877826218,-31762,2528.1428571428573,2533.6428571428573,False
2025-06-24,5,20,5,2489,16,2509,-11,-0.03984063745019473,-31773,2526.1428571428573,2531.5714285714284,False
2025-06-25,6,12,2,2470,24,2482,-22,-1.0761259465922657,-31795,2518.285714285714,2527.1428571428573,False
2025-06-26,3,9,7,2447,35,2456,-28,-1.0475423045930743,-31823,2506.4285714285716,2520.285714285714,False
2025-06-29,5,17,7,2413,20,2430,-13,-1.0586319218241047,-31836,2489.714285714286,2512.6428571428573,False
2025-06-30,9,22,8,2407,16,2429,-8,-0.04115226337448874,-31844,2476.714285714286,2504.5714285714284,False
2025-07-01,7,14,6,2391,22,2405,-16,-0.9880609304240395,-31860,2460.1428571428573,2495.5,False
2025-07-02,8,20,9,2373,38,2393,-29,-0.498960498960499,-31889,2443.4285714285716,2485.785714285714,False
2025-07-06,4,17,2,2332,8,2349,-6,-1.8386961972419513,-31895,2420.5714285714284,2473.3571428571427,False
2025-07-07,3,18,8,2317,20,2335,-12,-0.5959982971477262,-31907,2399.5714285714284,2458.9285714285716,False
2025-07-08,5,16,8,2306,20,2322,-12,-0.5567451820128522,-31919,2380.4285714285716,2443.4285714285716,False
2025-07-09,2,18,0,2281,32,2299,-32,-0.9905254091300608,-31951,2361.714285714286,2425.714285714286,False
2025-07-10,2,12,3,2252,39,2264,-36,-1.5224010439321423,-31987,2338.1428571428573,2407.4285714285716,False
2025-07-13,1,13,4,2204,10,2217,-6,-2.075971731448767,-31993,2311.285714285714,2385.714285714286,False
2025-07-14,2,9,1,2181,26,2190,-25,-1.2178619756427644,-32018,2282.285714285714,2362.8571428571427,False
2025-07-15,0,8,5,2171,17,2179,-12,-0.5022831050228271,-32030,2258.0,2339.285714285714,False
2025-07-16,1,9,0,2164,11,2173,-11,-0.275355667737498,-32041,2234.8571428571427,2317.214285714286,False
2025-07-17,3,16,2,2153,17,2169,-15,-0.18407731247124248,-32056,2213.0,2296.714285714286,False
2025-07-21,4,18,7,2121,16,2139,-9,-1.3831258644536604,-32065,2190.1428571428573,2275.9285714285716,False
2025-07-22,5,13,3,2117,16,2130,-13,-0.42075736325385416,-32078,2171.0,2254.5714285714284,False
2025-07-23,6,21,5,2111,14,2132,-9,0.09389671361501595,-32087,2158.8571428571427,2235.0714285714284,False
2025-07-24,6,18,7,2096,29,2114,-22,-0.8442776735459678,-32109,2148.0,2215.1428571428573,False
2025-07-27,1,12,2,2088,4,2100,-2,-0.6622516556291425,-32111,2136.714285714286,2197.3571428571427,False
2025-07-28,2,9,3,2080,14,2089,-11,-0.5238095238095264,-32122,2124.714285714286,2179.785714285714,False
2025-07-29,2,8,3,2072,12,2080,-9,-0.43082814743896636,-32131,2112.0,2162.5,False
2025-07-30,4,15,4,2063,16,2078,-12,-0.09615384615384581,-32143,2103.285714285714,2146.714285714286,False
2025-07-31,2,9,6,2058,15,2067,-9,-0.5293551491819093,-32152,2094.285714285714,2132.6428571428573,False
2025-08-03,5,26,3,2049,5,2075,-2,0.38703434929849845,-32154,2086.1428571428573,2122.5,False
2025-08-04,5,22,11,2040,14,2062,-3,-0.6265060240963849,-32157,2078.714285714286,2113.3571428571427,False
2025-08-05,2,21,10,2042,14,2063,-4,0.04849660523762456,-32161,2073.4285714285716,2105.0714285714284,False
2025-08-06,4,17,3,2036,13,2053,-10,-0.4847309743092554,-32171,2068.285714285714,2096.5,False
2025-08-07,4,18,6,2031,17,2049,-11,-0.1948368241597609,-32182,2063.8571428571427,2087.9285714285716,False
2025-08-10,0,18,8,2006,12,2024,-4,-1.2201073694485087,-32186,2056.1428571428573,2079.714285714286,False
2025-08-11,6,23,4,1999,16,2022,-12,-0.09881422924901129,-32198,2049.714285714286,2072.0,False
2025-08-12,8,38,9,1999,9,2037,0,0.7418397626112849,-32198,2044.2857142857142,2065.214285714286,False
2025-08-13,6,22,12,1997,17,2019,-5,-0.8836524300441795,-32203,2038.142857142857,2058.4285714285716,False
2025-08-14,3,27,4,1994,11,2021,-7,0.0990589400693409,-32210,2032.142857142857,2052.785714285714,False
2025-08-17,4,14,2,1991,3,2005,-1,-0.7916872835230127,-32211,2025.2857142857142,2046.7857142857142,False
2025-08-18,4,20,6,1985,14,2005,-8,0.0,-32219,2019.0,2041.4285714285713,False
2025-08-19,5,35,3,1980,11,2015,-8,0.4987531172069737,-32227,2017.7142857142858,2036.9285714285713,False
2025-08-20,10,38,10,1983,10,2021,0,0.29776674937964653,-32227,2017.5714285714287,2033.642857142857,False
2025-08-21,6,49,8,1972,21,2021,-13,0.0,-32240,2015.2857142857142,2029.7857142857142,False
2025-08-24,4,21,5,1981,5,2002,0,-0.9401286491835692,-32240,2012.857142857143,2025.5,False
2025-08-25,8,30,8,1980,11,2010,-3,0.3996003996004083,-32243,2011.2857142857142,2021.7142857142858,False
2025-08-26,10,21,20,1989,15,2010,5,0.0,-32238,2012.0,2018.642857142857,False
2025-08-27,5,19,9,1988,19,2007,-10,-0.14925373134327957,-32248,2012.2857142857142,2015.642857142857,False
2025-08-28,8,33,6,1984,17,2017,-11,0.49825610363727346,-32259,2012.5714285714287,2015.142857142857,False
2025-09-01,10,29,17,2010,5,2039,12,1.0907288051561714,-32247,2015.142857142857,2016.357142857143,False
2025-09-02,6,35,9,2020,9,2055,0,0.7846983815595898,-32247,2020.0,2017.642857142857,False
2025-09-03,4,29,11,2019,10,2048,1,-0.3406326034063212,-32246,2026.5714285714287,2019.7142857142858,False
2025-09-04,11,40,2,2015,14,2055,-12,0.341796875,-32258,2033.0,2022.142857142857,False
2025-09-07,4,19,9,2026,7,2045,2,-0.48661800486617945,-32256,2038.0,2025.0,False
2025-09-08,7,25,5,2025,6,2050,-1,0.24449877750611915,-32257,2044.142857142857,2028.2142857142858,False
2025-09-09,18,42,11,2023,14,2065,-3,0.7317073170731714,-32260,2051.0,2031.7857142857142,False
2025-09-10,10,47,14,2025,18,2072,-4,0.3389830508474523,-32264,2055.714285714286,2035.4285714285713,False
2025-09-11,12,38,29,2047,6,2085,23,0.6274131274131234,-32241,2060.0,2040.0,False
2025-09-14,7,39,13,2083,5,2122,8,1.7745803357314127,-32233,2070.5714285714284,2048.5714285714284,False
2025-09-15,9,47,10,2086,10,2133,0,0.5183788878416529,-32233,2081.714285714286,2057.3571428571427,False
2025-09-16,7,28,17,2095,12,2123,5,-0.46882325363337696,-32228,2092.8571428571427,2065.4285714285716,False
2025-09-17,7,38,5,2096,13,2134,-8,0.5181347150259086,-32236,2104.8571428571427,2074.5,False
2025-09-18,20,52,11,2096,14,2148,-3,0.6560449859418949,-32239,2116.714285714286,2083.8571428571427,False
2025-09-21,8,35,13,2134,5,2169,8,0.9776536312849249,-32231,2130.5714285714284,2093.1428571428573,False
2025-09-22,17,40,14,2141,10,2181,4,0.5532503457814641,-32227,2144.285714285714,2102.1428571428573,False
2025-09-23,11,36,10,2145,15,2181,-5,0.0,-32232,2152.714285714286,2111.6428571428573,False
2025-09-24,3,38,12,2138,17,2176,-5,-0.22925263640531934,-32237,2158.8571428571427,2120.285714285714,False
2025-09-25,6,35,12,2132,18,2167,-6,-0.4136029411764719,-32243,2165.1428571428573,2129.0,False
2025-09-28,11,29,12,2146,9,2175,3,0.369173973234882,-32240,2171.0,2137.9285714285716,False
2025-09-29,8,35,12,2148,13,2183,-1,0.36781609195402076,-32241,2176.0,2146.3571428571427,False
2025-09-30,8,32,12,2159,7,2191,5,0.3664681630783262,-32236,2179.1428571428573,2154.8571428571427,False
2025-10-01,4,33,12,2163,14,2196,-2,0.22820629849384932,-32238,2181.285714285714,2162.785714285714,False
2025-10-02,20,51,15,2164,16,2215,-1,0.8652094717668479,-32239,2186.1428571428573,2169.4285714285716,False
2025-10-05,8,28,13,2180,16,2208,-3,-0.31602708803611934,-32242,2190.714285714286,2174.785714285714,False
2025-10-06,5,33,15,2187,10,2220,5,0.5434782608695565,-32237,2198.285714285714,2181.714285714286,False
2025-10-07,11,45,4,2189,10,2234,-6,0.6306306306306242,-32243,2206.714285714286,2188.8571428571427,False
2025-10-08,8,49,15,2192,17,2241,-2,0.3133393017009878,-32245,2215.0,2195.5,False
2025-10-09,11,55,13,2192,12,2247,1,0.2677376171352108,-32244,2223.0,2201.0714285714284,False
2025-10-13,8,24,7,2223,6,2247,1,0.0,-32243,2230.285714285714,2205.785714285714,False
2025-10-14,7,30,16,2235,8,2265,8,0.8010680907877266,-32235,2237.4285714285716,2211.785714285714,False
2025-10-15,8,29,10,2225,15,2254,-5,-0.4856512141280356,-32240,2244.0,2217.3571428571427,False
2025-10-16,9,33,15,2233,9,2266,6,0.5323868677906018,-32234,2250.5714285714284,2224.4285714285716,False
2025-10-19,9,34,17,2237,7,2271,10,0.22065313327448433,-32224,2255.8571428571427,2231.285714285714,False
2025-10-20,10,39,6,2243,7,2282,-1,0.484368119771017,-32225,2261.714285714286,2238.3571428571427,False
2025-10-21,13,39,17,2251,9,2290,8,0.35056967572304476,-32217,2267.8571428571427,2245.4285714285716,False
2025-10-22,12,42,13,2261,12,2303,1,0.5676855895196509,-32216,2275.8571428571427,2253.0714285714284,False
2025-10-23,4,27,26,2266,18,2293,8,-0.43421623968736833,-32208,2279.8571428571427,2258.6428571428573,False
2025-10-26,4,35,12,2276,10,2311,2,0.7849978194504947,-32206,2288.0,2266.0,False
2025-10-27,2,31,8,2282,11,2313,-3,0.08654262224145892,-32209,2294.714285714286,2272.6428571428573,False
2025-10-28,6,22,11,2286,6,2308,5,-0.2161694768698652,-32204,2300.0,2277.9285714285716,False
2025-10-29,6,25,4,2280,17,2305,-13,-0.12998266897746857,-32217,2303.285714285714,2282.5,False
2025-10-30,3,17,14,2287,12,2304,2,-0.04338394793925726,-32215,2305.285714285714,2286.5714285714284,False
2025-11-02,5,21,10,2277,7,2298,3,-0.26041666666666297,-32212,2304.5714285714284,2290.214285714286,False
2025-11-03,3,28,5,2269,12,2297,-7,-0.04351610095735259,-32219,2305.1428571428573,2292.5,False
2025-11-04,6,33,6,2270,8,2303,-2,0.2612102742707956,-32221,2304.0,2296.0,False
2025-11-05,8,41,8,2272,7,2313,1,0.43421623968735723,-32220,2304.0,2299.3571428571427,False
2025-11-06,6,33,9,2264,19,2297,-10,-0.6917423259835687,-32230,2302.4285714285716,2301.214285714286,False
2025-11-09,11,33,5,2294,4,2327,1,1.3060513713539335,-32229,2305.5714285714284,2304.4285714285716,False
2025-11-11,11,39,12,2294,14,2333,-2,0.25784271594326835,-32231,2309.714285714286,2307.5,False
2025-11-12,14,48,20,2302,7,2350,13,0.7286755250750065,-32218,2317.1428571428573,2310.8571428571427,False
2025-11-13,6,26,16,2317,5,2343,11,-0.29787234042553123,-32207,2323.714285714286,2314.4285714285716,False
2025-11-16,5,22,3,2340,5,2362,-2,0.8109261630388387,-32209,2332.1428571428573,2318.0714285714284,False
2025-11-17,1,35,6,2343,8,2378,-2,0.6773920406435208,-32211,2341.4285714285716,2322.714285714286,False
2025-11-18,2,38,8,2345,12,2383,-4,0.2102607232968845,-32215,2353.714285714286,2328.0714285714284,False
2025-11-19,7,32,3,2340,10,2372,-7,-0.46160302140159093,-32222,2360.1428571428573,2332.8571428571427,False
2025-11-20,18,57,8,2340,9,2397,-1,1.0539629005059004,-32223,2369.285714285714,2339.5,False
2025-11-23,3,46,22,2375,1,2421,21,1.001251564455563,-32202,2379.4285714285716,2348.285714285714,False
2025-11-24,9,40,9,2371,13,2411,-4,-0.41305245766212195,-32206,2389.1428571428573,2356.4285714285716,False
2025-11-25,6,47,14,2375,11,2422,3,0.45624222314393226,-32203,2397.714285714286,2364.9285714285716,False
2025-11-27,4,24,8,2389,7,2413,1,-0.37159372419488523,-32202,2402.714285714286,2372.0714285714284,False
2025-11-30,4,18,10,2415,0,2433,10,0.8288437629506928,-32192,2409.8571428571427,2381.785714285714,False
2025-12-01,4,26,4,2410,9,2436,-5,0.12330456226881115,-32197,2419.0,2389.5714285714284,False
2025-12-02,7,34,6,2407,8,2441,-2,0.20525451559934016,-32199,2425.285714285714,2397.285714285714,False
2025-12-03,4,32,8,2419,7,2451,1,0.4096681687832948,-32198,2429.5714285714284,2404.5,False
2025-12-04,16,39,7,2418,13,2457,-6,0.244798041615657,-32204,2436.1428571428573,2412.6428571428573,False
2025-12-07,4,24,13,2429,12,2453,1,-0.16280016280015852,-32203,2440.5714285714284,2419.1428571428573,False
2025-12-08,9,27,9,2440,4,2467,5,0.570729718711771,-32198,2448.285714285714,2425.5,False
2025-12-09,4,30,7,2443,8,2473,-1,0.2432103769760774,-32199,2454.0,2431.9285714285716,False
2025-12-10,10,54,5,2439,9,2493,-4,0.8087343307723316,-32203,2462.1428571428573,2440.5714285714284,False
2025-12-11,7,47,9,2437,10,2484,-1,-0.3610108303249149,-32204,2468.285714285714,2446.785714285714,False
2025-12-14,8,35,4,2462,8,2497,-4,0.523349436392917,-32208,2474.8571428571427,2452.214285714286,False
2025-12-15,11,42,9,2470,7,2512,2,0.6007208650380402,-32206,2482.714285714286,2459.4285714285716,False
2025-12-16,8,54,15,2468,9,2522,6,0.398089171974525,-32200,2492.5714285714284,2466.5714285714284,False
2025-12-17,7,31,11,2481,10,2512,1,-0.3965107057890549,-32199,2499.0,2473.6428571428573,False
2025-12-18,11,50,6,2472,16,2522,-10,0.398089171974525,-32209,2506.0,2480.0,False
2025-12-21,6,18,11,2484,14,2502,-3,-0.7930214115781098,-32212,2507.285714285714,2484.714285714286,False
